,epoch,accuracy
0,1,0.538062678062678
1,2,0.6190921177587845
