,epoch,accuracy
0,1,0.12449002849002849
1,2,0.11881861348528015
