,epoch,accuracy
0,1,0.6488015194681861
1,2,0.8041367521367522
2,3,0.8498081671415004
3,4,0.882412155745489
4,5,0.8957606837606837
5,6,0.9141614434947768
6,7,0.9264197530864198
7,8,0.942985754985755
8,9,0.9396505223171889
9,10,0.9411168091168092
