,epoch,accuracy
0,1,0.6337056030389364
1,2,0.7408471035137701
