,epoch,accuracy
0,1,0.7317492877492877
1,2,0.7584881291547958
