,epoch,accuracy
0,1,2.883561775505104e-05
1,2,9.611872585017014e-06
