,epoch,accuracy
0,1,0.5750845204178537
1,2,0.6545944919278253
2,3,0.7276087369420703
3,4,0.7555023741690409
4,5,0.790985754985755
5,6,0.78270465337132
6,7,0.7893713200379867
7,8,0.8346932573599241
8,9,0.837576448243115
9,10,0.8522013295346629
