,epoch,accuracy
0,1,0.5548414055080721
1,2,0.6802279202279202
