,epoch,accuracy
0,1,0.47401329534662867
1,2,0.5285811965811966
