,epoch,accuracy
0,1,0.5935840455840455
1,2,0.6825565052231719
